scenario,arm,seed,collision,min_ttc,max_drac,pet
lead_brake,fixed,0,0,8.0,0.0,
lead_brake,online,0,1,0.0,197.336,
lead_brake,clamp,0,0,3.612,0.519,
lead_brake,aeb,0,0,0.0,0.788,
lead_brake,fixed,1,0,8.0,0.0,
lead_brake,online,1,1,0.0,123.392,
lead_brake,clamp,1,0,3.356,0.498,
lead_brake,aeb,1,0,0.0,0.791,
lead_brake,fixed,2,0,8.0,0.0,
lead_brake,online,2,1,0.0,135.598,
lead_brake,clamp,2,0,3.288,0.502,
lead_brake,aeb,2,0,0.0,0.898,
lead_brake,fixed,3,0,8.0,0.0,
lead_brake,online,3,1,0.0,333.079,
lead_brake,clamp,3,0,3.404,0.509,
lead_brake,aeb,3,0,0.0,15.049,
lead_brake,fixed,4,0,8.0,0.0,
lead_brake,online,4,1,0.0,321.815,
lead_brake,clamp,4,0,3.42,0.767,
lead_brake,aeb,4,0,0.0,0.899,
lead_brake,fixed,5,0,8.0,0.0,
lead_brake,online,5,1,0.0,251.326,
lead_brake,clamp,5,0,3.522,0.646,
lead_brake,aeb,5,0,0.0,0.898,
lead_brake,fixed,6,0,8.0,0.0,
lead_brake,online,6,1,0.0,77.747,
lead_brake,clamp,6,0,3.535,0.527,
lead_brake,aeb,6,0,0.0,0.9,
lead_brake,fixed,7,0,8.0,0.0,
lead_brake,online,7,1,0.0,255.183,
lead_brake,clamp,7,0,3.797,0.81,
lead_brake,aeb,7,0,0.0,4.609,
lead_brake,fixed,8,0,8.0,0.0,
lead_brake,online,8,1,0.0,82.224,
lead_brake,clamp,8,0,3.657,0.455,
lead_brake,aeb,8,0,0.0,3.603,
lead_brake,fixed,9,0,8.0,0.0,
lead_brake,online,9,1,0.0,101.326,
lead_brake,clamp,9,0,3.442,0.395,
lead_brake,aeb,9,0,1.073,0.89,
lead_brake,fixed,10,0,0.0,8.582,
lead_brake,online,10,0,0.0,142.249,
lead_brake,clamp,10,0,0.0,7.767,
lead_brake,aeb,10,0,0.0,4.391,
lead_brake,fixed,11,0,8.0,0.0,
lead_brake,online,11,0,0.0,80.001,
lead_brake,clamp,11,0,4.224,0.522,
lead_brake,aeb,11,0,0.0,0.764,
lead_brake,fixed,12,0,8.0,0.0,
lead_brake,online,12,1,0.0,434.549,
lead_brake,clamp,12,0,3.754,0.894,
lead_brake,aeb,12,0,0.0,0.761,
lead_brake,fixed,13,0,8.0,0.0,
lead_brake,online,13,1,0.0,91.895,
lead_brake,clamp,13,0,3.473,0.487,
lead_brake,aeb,13,0,0.0,0.822,
lead_brake,fixed,14,0,8.0,0.0,
lead_brake,online,14,1,0.0,147.383,
lead_brake,clamp,14,0,3.1,0.51,
lead_brake,aeb,14,0,0.0,0.896,
lead_brake,fixed,15,0,8.0,0.0,
lead_brake,online,15,1,0.0,104.188,
lead_brake,clamp,15,0,3.295,0.828,
lead_brake,aeb,15,0,0.0,0.849,
lead_brake,fixed,16,0,8.0,0.0,
lead_brake,online,16,1,0.0,91.318,
lead_brake,clamp,16,0,3.388,0.95,
lead_brake,aeb,16,0,0.0,0.875,
lead_brake,fixed,17,0,8.0,0.0,
lead_brake,online,17,1,0.0,304.969,
lead_brake,clamp,17,0,3.406,0.567,
lead_brake,aeb,17,0,0.0,0.899,
lead_brake,fixed,18,0,8.0,0.0,
lead_brake,online,18,1,0.0,265.294,
lead_brake,clamp,18,0,3.588,0.487,
lead_brake,aeb,18,0,0.0,0.786,
lead_brake,fixed,19,0,8.0,0.0,
lead_brake,online,19,1,0.0,122.869,
lead_brake,clamp,19,0,2.651,0.769,
lead_brake,aeb,19,0,0.0,1.55,
lead_brake,fixed,20,0,8.0,0.0,
lead_brake,online,20,1,0.0,97.945,
lead_brake,clamp,20,0,3.253,0.556,
lead_brake,aeb,20,1,0.0,1.022,
lead_brake,fixed,21,0,8.0,0.0,
lead_brake,online,21,1,0.0,108.711,
lead_brake,clamp,21,0,2.875,0.461,
lead_brake,aeb,21,0,0.504,0.79,
lead_brake,fixed,22,0,8.0,0.0,
lead_brake,online,22,1,0.0,101.964,
lead_brake,clamp,22,0,2.99,0.479,
lead_brake,aeb,22,0,0.0,0.786,
lead_brake,fixed,23,0,8.0,0.0,
lead_brake,online,23,1,0.0,92.398,
lead_brake,clamp,23,0,3.008,0.512,
lead_brake,aeb,23,0,0.0,3.233,
lead_brake,fixed,24,0,8.0,0.0,
lead_brake,online,24,1,0.0,80.732,
lead_brake,clamp,24,0,2.86,0.532,
lead_brake,aeb,24,0,0.0,1.704,
lead_brake,fixed,25,0,8.0,0.0,
lead_brake,online,25,1,0.0,92.558,
lead_brake,clamp,25,0,3.372,0.559,
lead_brake,aeb,25,0,0.0,0.928,
lead_brake,fixed,26,0,8.0,0.0,
lead_brake,online,26,1,0.0,240.907,
lead_brake,clamp,26,0,2.9,0.668,
lead_brake,aeb,26,0,0.0,0.812,
lead_brake,fixed,27,0,8.0,0.0,
lead_brake,online,27,1,0.0,96.473,
lead_brake,clamp,27,0,3.216,0.503,
lead_brake,aeb,27,1,0.0,0.974,
lead_brake,fixed,28,0,8.0,0.0,
lead_brake,online,28,1,0.0,82.645,
lead_brake,clamp,28,0,3.223,0.432,
lead_brake,aeb,28,0,0.17,2.272,
lead_brake,fixed,29,0,8.0,0.0,
lead_brake,online,29,0,0.0,125.942,
lead_brake,clamp,29,0,3.867,0.413,
lead_brake,aeb,29,0,0.0,1.038,
