arm,seed,B0,collisions,min_ttc,ttc_violation_rate,realized_rate,rate_deviation,mean_risk,steps
none,1000,0.1623,1,0.404,0.0358,0.0,0.1,0.0953,1200
fixed,1000,0.1623,0,1.554,0.0,0.1875,0.1608,0.0992,1200
batch,1000,0.1623,0,1.554,0.0,0.1875,0.1608,0.0992,1200
online,1000,0.1623,3,0.448,0.0308,0.1,0.0164,0.1037,1200
clamp,1000,0.1623,0,1.767,0.0,0.2025,0.1057,0.1038,1200
aeb,1000,0.1623,0,1.045,0.0083,0.0408,0.1065,0.1044,1200
none,1001,0.0928,0,0.232,0.0058,0.0,0.1,0.0542,1200
fixed,1001,0.0928,0,8.0,0.0,0.4317,0.3704,0.0872,1200
batch,1001,0.0928,0,8.0,0.0,0.4317,0.3704,0.0872,1200
online,1001,0.0928,0,0.226,0.0183,0.1008,0.0163,0.0904,1200
clamp,1001,0.0928,0,0.686,0.0083,0.1758,0.1288,0.0926,1200
aeb,1001,0.0928,0,0.257,0.0083,0.01,0.0889,0.086,1200
none,1002,0.1418,0,0.013,0.005,0.0,0.1,0.0721,1200
fixed,1002,0.1418,0,1.191,0.0058,0.295,0.2367,0.1188,1200
batch,1002,0.1418,0,1.191,0.0058,0.2958,0.231,0.1205,1200
online,1002,0.1418,0,0.02,0.0192,0.0992,0.0167,0.0933,1200
clamp,1002,0.1418,0,0.681,0.0142,0.2058,0.1416,0.1168,1200
aeb,1002,0.1418,0,0.008,0.0183,0.0267,0.075,0.0866,1200
none,1003,0.2063,0,1.088,0.0208,0.0,0.1,0.095,1200
fixed,1003,0.2063,0,0.357,0.0067,0.0267,0.0746,0.0707,1200
batch,1003,0.2063,0,0.357,0.0067,0.0267,0.0746,0.0707,1200
online,1003,0.2063,0,0.131,0.0183,0.0992,0.0206,0.1304,1200
clamp,1003,0.2063,0,0.225,0.02,0.1633,0.0945,0.1166,1200
aeb,1003,0.2063,0,1.203,0.01,0.0233,0.0957,0.1109,1200
none,1004,0.1271,0,1.361,0.0017,0.0,0.1,0.0639,1200
fixed,1004,0.1271,0,1.351,0.0025,0.1417,0.1181,0.0733,1200
batch,1004,0.1271,0,1.351,0.0025,0.1417,0.1181,0.0733,1200
online,1004,0.1271,0,1.292,0.0075,0.1017,0.0213,0.0859,1200
clamp,1004,0.1271,0,1.353,0.0025,0.1133,0.0634,0.0721,1200
aeb,1004,0.1271,0,1.361,0.0017,0.0067,0.0926,0.0638,1200
