SSM,method,n_danger,missed_danger,missed_lo,missed_hi,false_alarm,fa_lo,fa_hi
DRAC>3.4,fixed,23212,0.023,0.0182,0.028,0.1258,0.1191,0.1328
DRAC>3.4,online,23212,0.2678,0.2585,0.2765,0.0973,0.0972,0.0973
DRAC>3.4,clamp,23212,0.0249,0.0201,0.0298,0.1352,0.1344,0.1359
DRAC>7.5,fixed,12729,0.0185,0.0132,0.024,0.1274,0.1208,0.1344
DRAC>7.5,online,12729,0.1656,0.1523,0.1799,0.0983,0.0982,0.0983
DRAC>7.5,clamp,12729,0.0191,0.0141,0.0245,0.1368,0.1361,0.1375
TTC<1.5s,fixed,24591,0.0081,0.0055,0.0109,0.1255,0.1189,0.1325
TTC<1.5s,online,24591,0.3426,0.3309,0.3547,0.0974,0.0974,0.0975
TTC<1.5s,clamp,24591,0.0118,0.0083,0.016,0.1349,0.1342,0.1356
TTC<1s,fixed,14057,0.0047,0.0026,0.0071,0.1272,0.1206,0.1342
TTC<1s,online,14057,0.2486,0.2327,0.2648,0.0983,0.0982,0.0984
TTC<1s,clamp,14057,0.008,0.0047,0.012,0.1365,0.1358,0.1372
